"name","theft_count"
"Abbey Road",290
"Bayswater",540
"Bryanston and Dorset Square",1116
"Church Street",280
"Churchill",199
"Harrow Road",331
"Hyde Park",1622
"Knightsbridge and Belgravia",1178
"Lancaster Gate",1369
"Little Venice",467
"Maida Vale",373
"Marylebone High Street",2073
"Queen's Park",255
"Regent's Park",465
"St James Park",170
"Tachbrook",223
"Vincent Square",1138
"Warwick",395
"West End and China Town",5362
"Westbourne",300
