"name","burglary_count"
"Abbey Road",111
"Bayswater",237
"Bryanston and Dorset Square",248
"Church Street",74
"Churchill",48
"Harrow Road",120
"Hyde Park",318
"Knightsbridge and Belgravia",130
"Lancaster Gate",372
"Little Venice",162
"Maida Vale",79
"Marylebone High Street",342
"Queen's Park",125
"Regent's Park",85
"St James Park",1
"Tachbrook",65
"Vincent Square",142
"Warwick",106
"West End and China Town",99
"Westbourne",133
